Wall time,Step,Value
1691335134.769089,1,0.75
1691335430.92167,2,0.859375
1691335732.271938,3,0.796875
1691336028.374765,4,0.890625
