Wall time,Step,Value
1691335134.766608,1,0.0005382106173783541
1691335430.920329,2,0.00025798811111599207
1691335732.268571,3,0.00014148066111374646
1691336028.373482,4,0.00014530812040902674
