Wall time,Step,Value
1691335135.50035,2,-40.526084899902344
1691335431.478878,3,-37.87088394165039
1691335733.072527,4,-38.41145706176758
1691336029.283192,5,-40.05216979980469
